id,first_name,last_name,email,gender,ip_address
1,Sauncho,Domone,sdomone0@soup.io,Male,107.81.24.119
2,Ginelle,Santon,gsanton1@aol.com,Female,30.137.70.151
3,Matias,Sumers,msumers2@ftc.gov,Male,46.241.198.71
4,Queenie,Perez,qperez3@adobe.com,Female,186.171.195.1
5,Evonne,Hawkswood,ehawkswood4@google.com.hk,Female,204.173.114.243
6,Doralia,Rodbourne,drodbourne5@about.me,Female,60.64.187.111
7,Isiahi,Najafian,inajafian6@issuu.com,Male,236.59.221.160
8,Regan,De Angelo,rdeangelo7@wisc.edu,Male,161.217.231.210
9,Lilyan,Peedell,lpeedell8@deviantart.com,Female,171.230.63.128
10,Abram,Search,asearch9@fc2.com,Male,154.88.83.242
11,Hollis,Dunsmore,hdunsmorea@so-net.ne.jp,Male,207.130.181.229
12,Kore,Tocher,ktocherb@senate.gov,Female,134.222.75.55
13,Rudd,Goody,rgoodyc@a8.net,Male,133.138.7.96
14,Reyna,Gennerich,rgennerichd@whitehouse.gov,Female,164.208.234.253
15,Rasla,Dach,rdache@hubpages.com,Female,12.194.82.249
16,Kevan,MacCleod,kmaccleodf@adobe.com,Male,54.84.141.155
17,Shelden,Ege,segeg@icq.com,Male,202.255.229.239
18,Micky,Kilalea,mkilaleah@g.co,Female,223.88.89.81
19,Jasun,Budget,jbudgeti@miitbeian.gov.cn,Male,249.157.179.90
20,Nobie,Cutill,ncutillj@usnews.com,Male,116.230.40.112
21,Malynda,McWhin,mmcwhink@sciencedirect.com,Female,58.26.65.10
22,Harald,Cassella,hcassellal@nature.com,Male,116.38.138.210
23,Michaelina,Ubach,mubachm@creativecommons.org,Female,50.63.114.227
24,Wren,Critcher,wcritchern@patch.com,Female,54.95.221.232
25,Alwyn,Baselio,abaselioo@marriott.com,Male,34.55.117.193
26,Marylou,Pley,mpleyp@hhs.gov,Female,201.111.91.153
27,Francklyn,Keddle,fkeddleq@smugmug.com,Male,166.169.181.76
28,Jordana,Kennagh,jkennaghr@thetimes.co.uk,Polygender,177.216.21.142
29,Druci,Gallichiccio,dgallichiccios@fda.gov,Female,15.216.222.150
30,Malva,Cianelli,mcianellit@photobucket.com,Female,157.183.222.53
31,Dur,Drane,ddraneu@prnewswire.com,Male,99.237.230.248
32,Gisella,Towndrow,gtowndrowv@wordpress.org,Female,189.232.10.117
33,Jessey,Charrington,jcharringtonw@discovery.com,Male,137.50.72.153
34,Ignatius,Winstone,iwinstonex@google.nl,Male,56.30.89.128
35,Andy,Levitt,alevitty@arstechnica.com,Male,47.202.147.18
36,Tuck,MacDearmont,tmacdearmontz@marriott.com,Male,58.16.92.58
37,Flore,Jirsa,fjirsa10@github.com,Female,214.129.114.109
38,Annis,Guittet,aguittet11@redcross.org,Female,63.181.139.52
39,Christiana,MacGaffey,cmacgaffey12@unesco.org,Female,148.215.247.82
40,Welby,Hutcheon,whutcheon13@cnn.com,Male,131.1.130.217
41,Rhett,Askie,raskie14@sphinn.com,Male,20.172.119.190
42,Maurise,Loch,mloch15@soup.io,Male,192.98.66.249
43,Allyn,Thompson,athompson16@dropbox.com,Male,212.19.203.238
44,Gunilla,Izchaki,gizchaki17@redcross.org,Female,35.141.86.88
45,Esteban,Matzeitis,ematzeitis18@mac.com,Male,149.128.169.203
46,Dreddy,Saul,dsaul19@amazonaws.com,Female,185.198.91.214
47,Emili,Dodd,edodd1a@infoseek.co.jp,Female,148.214.77.241
48,Dieter,Konert,dkonert1b@shop-pro.jp,Polygender,102.215.224.141
49,Guenna,Earngy,gearngy1c@so-net.ne.jp,Female,45.74.11.173
50,Lemuel,Juares,ljuares1d@buzzfeed.com,Male,158.208.231.0
